date_utc,timestamp,title,text,subreddit,comments,url
2021-08-04T00:00:00Z,1628109471,Post match thread _ Chelsea 2_2 Tottenham Hotspur,"Hmm

16 Hakim Ziyech (2-0)
49 Hakim Ziyech (2-0)

56 Lucas Moura (2-1)
70 Stevie B (2-2)

Coys coys coys",coys,294,https://www.reddit.com/r/coys/comments/oy1rra/post_match_thread_chelsea_22_tottenham_hotspur/
2021-08-08T00:00:00Z,1628434409,Post_Match Thread_ Spurs 1_0 Arsenal _Friendly_ 8th Aug 2021_,"## Goals

* [Son 80'](https://www.reddit.com/r/coys/comments/p0fv2j/tottenham_1_0_arsenal_heungmin_son_79_friendly/)

Japhet you monster COYS COYS COYS",coys,283,https://www.reddit.com/r/coys/comments/p0g2hc/postmatch_thread_spurs_10_arsenal_friendly_8th/
2021-08-15T00:00:00Z,1629048137,Post_Match Thread_ Spurs vs_ Manchester City _15 Aug 2021_,**Tottenham Hotspur 1-0 Manchester City**,coys,1186,https://www.reddit.com/r/coys/comments/p4xny1/postmatch_thread_spurs_vs_manchester_city_15_aug/
2021-08-19T00:00:00Z,1629404545,Post_Match Thread_ Paços de Ferreira v Tottenham Hotspur _ECL 19_08_21_,"**Paços de Ferreira 1 - 0 Tottenham Hotspur**

&amp;#x200B;

Well.... home leg it is then.",coys,649,https://www.reddit.com/r/coys/comments/p7mtwk/postmatch_thread_paços_de_ferreira_v_tottenham/
2021-08-22T00:00:00Z,1629644120,Post_Match Thread_ Wolves vs_ Spurs _22 Aug 2021_,"**Wolverhampton Wanderers 0-1 Tottenham Hotspur**

**Goals**

Dele 9 (pen)",coys,941,https://www.reddit.com/r/coys/comments/p9dup7/postmatch_thread_wolves_vs_spurs_22_aug_2021/
2021-08-26T00:00:00Z,1630010219,Post_Match Thread_ Spurs 3_0 Paços Ferreira _3_1 Agg Victory_,"Goals


* [[1]-0 Harry Kane](https://www.reddit.com/r/coys/comments/pc5z31/tottenham_10_pa%C3%A7os_ferreira_11_on_agg_harry_kane_9/)  
* [[2]-0 Harry Kane](https://www.reddit.com/r/coys/comments/pc6gxf/tottenham_2_0_pa%C3%A7os_ferreira_harry_kane_34_21_on/)  
* [[3]-0 Giovani Lo Celso](https://www.reddit.com/r/coys/comments/pc7ifz/tottenham_3_0_pa%C3%A7os_ferreira_giovani_lo_celso/)",coys,463,https://www.reddit.com/r/coys/comments/pc80br/postmatch_thread_spurs_30_paços_ferreira_31_agg/
2021-08-29T00:00:00Z,1630248794,Post_Match Thread_ Spurs vs Watford _29 Aug 2021_,**Tottenham Hotspur 1-0 Watford**,coys,665,https://www.reddit.com/r/coys/comments/pdwoan/postmatch_thread_spurs_vs_watford_29_aug_2021/
2021-09-11T00:00:00Z,1631366528,Post_Match Thread_ Crystal Palace vs_ Spurs _11 Sep 2021_,Ben Davies go directly to jail,coys,1415,https://www.reddit.com/r/coys/comments/pm7cac/postmatch_thread_crystal_palace_vs_spurs_11_sep/
2021-09-16T00:00:00Z,1631817497,Post_Match Thread_ Rennes vs_ Spurs _16 Sep 2021_,"**Rennes 2-2 Tottenham Hotspur**

**Goals**

[Bade 11' \(OG\)](https://streamwo.com/x3Z9h1g)

Tait 23'

Laborde 71'

[Hojbjerg 76'](https://streamwo.com/s0DTxCS)",coys,528,https://www.reddit.com/r/coys/comments/ppj89r/postmatch_thread_rennes_vs_spurs_16_sep_2021/
2021-09-19T00:00:00Z,1632072188,_Post_Match Thread_ Tottenham Hotspur 0_3 Chelsea,"3-0.

Fuck.",coys,989,https://www.reddit.com/r/coys/comments/prc9ei/postmatch_thread_tottenham_hotspur_03_chelsea/
2021-09-22T00:00:00Z,1632344029,Post_Match Thread_ Wolves vs_ Spurs _22 Sep 2021_,"**Wolverhampton Wanderers 2-2 Tottenham Hotspur (Spurs advance on penalties)**

**Goals**

[Ndombele 14'](https://streamja.com/W6qQM)

[Kane 23'](https://streamja.com/rdGev)

Dendoncker 38'

Podence 58'",coys,367,https://www.reddit.com/r/coys/comments/ptg7nd/postmatch_thread_wolves_vs_spurs_22_sep_2021/
2021-09-26T00:00:00Z,1632677017,Post_Match Thread_ Arsenal vs_ Spurs _26 Sep 2021_,Well that sucked. Would encourage everyone to take a deep breath. Step away from things for a bit. Have a nice meal or take a walk.,coys,1019,https://www.reddit.com/r/coys/comments/pvy6xe/postmatch_thread_arsenal_vs_spurs_26_sep_2021/
2021-09-30T00:00:00Z,1633035186,Post_match thread_ Spurs 5_1 Mura,5-1 win,coys,294,https://www.reddit.com/r/coys/comments/pysn9z/postmatch_thread_spurs_51_mura/
2021-10-03T00:00:00Z,1633272779,_Post_Match Thread_ Spurs 2 _ 1 Aston Villa,"Hojbjerg 27' (Son Assist)

Watkins 67'

Matt Targett (OG) 71' (Son -&gt; Moura)",coys,735,https://www.reddit.com/r/coys/comments/q0jawc/postmatch_thread_spurs_2_1_aston_villa/
2021-10-17T00:00:00Z,1634492860,Post_Match Thread_ Newcastle 2_3 Spurs _PL_ 17 Oct 2021_,"**Get fucked**

* 2' Wilson [1]-0
* [17' Ndombele 1-\[1\]](https://www.reddit.com/r/coys/comments/qa1by1/newcastle_1_1_tottenham_tanguy_ndomb%C3%A9l%C3%A9_18/)
* [22' Kane 1-\[2\]](https://www.reddit.com/r/coys/comments/qa1f8y/newcastle_1_2_tottenham_harry_kane_22/)
* [45+4' Son 1-\[3\]](https://www.reddit.com/r/coys/comments/qa2au5/newcastle_1_3_tottenham_heungmin_son_454/)
* 90' Dier OG [2]-3",coys,483,https://www.reddit.com/r/coys/comments/qa3p9e/postmatch_thread_newcastle_23_spurs_pl_17_oct_2021/
2021-10-21T00:00:00Z,1634841458,Post_Match Thread_ Vitesse vs_ Spurs _21 Oct 2021_,Ugly game,coys,552,https://www.reddit.com/r/coys/comments/qcyczf/postmatch_thread_vitesse_vs_spurs_21_oct_2021/
2021-10-24T00:00:00Z,1635087050,Post_Match Thread_ West Ham vs_ Spurs _24 Oct 2021_,**West Ham United 1-0 Tottenham Hotspur**,coys,632,https://www.reddit.com/r/coys/comments/qetnsm/postmatch_thread_west_ham_vs_spurs_24_oct_2021/
2021-10-27T00:00:00Z,1635367018,Post_Match Thread_ Burnley vs Spurs _27 Oct 2021_,"**Burnley FC 0-1 Tottenham Hotspur**

**Goals**

[Lucas 68'](https://streamja.com/aXRb9)",coys,457,https://www.reddit.com/r/coys/comments/qh5zfc/postmatch_thread_burnley_vs_spurs_27_oct_2021/
2021-10-30T00:00:00Z,1635618042,Post_Match Thread_ Spurs vs_ Manchester United _30 Oct 2021_,**Tottenham Hotspur 0-3 Manchester United**,coys,772,https://www.reddit.com/r/coys/comments/qj7axd/postmatch_thread_spurs_vs_manchester_united_30/
2021-11-04T00:00:00Z,1636062752,Post_Match Thread_ Spurs vs_ Vitesse _4 Nov 2021_,"**Tottenham Hotspur 3-2 Vitesse Arnheim**

**Goals**

[Son 14'](https://streamwo.com/Z8DVkv1)

[Lucas 22'](https://streamwo.com/kKhYNEh)

[Rasmussen \(OG\) 28'](https://streamwo.com/XWSqcoc)

[Rasumssen 32'](https://streamwo.com/nsfegzO)

[Bero 39'](https://streamwo.com/Q0sIjSJ)",coys,608,https://www.reddit.com/r/coys/comments/qmvnyo/postmatch_thread_spurs_vs_vitesse_4_nov_2021/
2021-11-07T00:00:00Z,1636300471,Post_Match Thread_ Everton vs_ Spurs _7 Nov 2021_,**Everton 0-0 Tottenham Hotspur**,coys,887,https://www.reddit.com/r/coys/comments/qorabg/postmatch_thread_everton_vs_spurs_7_nov_2021/
2021-11-21T00:00:00Z,1637518922,Post_Match Thread_ Spurs vs_ Leeds United _21 Nov 2021_,**Tottenham Hotspur 2-1 Leeds United**,coys,626,https://www.reddit.com/r/coys/comments/qz0ytt/postmatch_thread_spurs_vs_leeds_united_21_nov_2021/
2021-11-25T00:00:00Z,1637869092,Post Match Thread_ NS Mura vs_ Spurs _25 Nov 2021_,**NS Mura 2-1 Tottenham Hotspur**,coys,929,https://www.reddit.com/r/coys/comments/r24kl5/post_match_thread_ns_mura_vs_spurs_25_nov_2021/
2021-12-02T00:00:00Z,1638480183,Post_Match Thread_ Spurs vs_ Brentford _2 Dec 2021_,**Tottenham Hotspur 2-0 Brentford FC**,coys,427,https://www.reddit.com/r/coys/comments/r7horn/postmatch_thread_spurs_vs_brentford_2_dec_2021/
2021-12-05T00:00:00Z,1638719609,Post_Match Thread_ Spurs vs_ Norwich City _5 Dec 2021_,"**Tottenham Hotspur 3-0 Norwich City**

[Lucas 10'](https://streamwo.com/file/61acc90e6b4d4)

[Sanchez 67'](https://streamja.com/oo3jn)

[Son 77'](https://streamja.com/vE90G)",coys,381,https://www.reddit.com/r/coys/comments/r9ija5/postmatch_thread_spurs_vs_norwich_city_5_dec_2021/
2021-12-19T00:00:00Z,1639938365,Post_Match Thread_ Spurs vs_ Liverpool _19 Dec 2021_,"**Tottenham Hotspur 2-2 Liverpool FC**

**Goals**

[Kane 13'](https://mixture.gg/v/61bf3eb38af2c)

Jota 35'

Robertson 69'

[Son 74'](https://mixture.gg/v/61bf734b18620)

**Other**

[Robertson red card 77'](https://mixture.gg/v/61bf747179437)",coys,746,https://www.reddit.com/r/coys/comments/rk2ib2/postmatch_thread_spurs_vs_liverpool_19_dec_2021/
2021-12-22T00:00:00Z,1640208985,_Post_Match Thread_ Spurs 2_1 West Ham _Carabao Cup Dec 22 2021_,"* [1-0 Steven Bergwijn 29'](https://www.reddit.com/r/coys/comments/rmdpph/tottenham_1_0_west_ham_steven_bergwijn_28/)
* 1-1 Bowen 32'
* [2-0 Lucas 34'](https://www.reddit.com/r/coys/comments/rmdu9i/tottenham_2_1_west_ham_lucas_34med/)

Spurs are through to the semi finals of the Carabao Cup COYS",coys,375,https://www.reddit.com/r/coys/comments/rmffg1/postmatch_thread_spurs_21_west_ham_carabao_cup/
2021-12-22T00:00:00Z,1640165082,_Pre_Match Thread_ Spurs vs_ West Ham _Carabao Cup _ 22 Dec 2021_,"**QUARTER-FINALS**

Wednesday 22nd December 2021

**Kick Off**: 19:45 (GMT), 14:45 (EST)

**Venue**: Tottenham Hotspur Stadium

**TV**: Sky Sports, Now TV (UK), ESPN+ (US), DAZN (Canada), [Rest Of The World](https://www.livesoccertv.com/match/4188187/tottenham-hotspur-vs-west-ham-united/)

\-  ""This looks a difficult game to call - West Hams run in this competition has had a feeling of destiny about it, but Tottenham are coming off what may well be looked back on as a landmark result under Antonio Conte in their draw with Liverpool."" - Malik Ouzia, *Evening Standard*

**H2H History**

**Tottenham wins**: 98

**Draws**: 53

**West Ham wins**: 66

\-[Here's the post-match thread](https://www.reddit.com/r/coys/comments/qetnsm/postmatch_thread_west_ham_vs_spurs_24_oct_2021/) from the last time Spurs played West Ham, a 1-0 loss in the league in October.

**Team News**

\- Pierre-Emile Hojbjerg is a doubt, while Cristian Romero is a longer term absence with a thigh problem. Aside from that, Antonio Conte has a healthy squad from which to choose.

\-  West Hams defensive injury crisis has been exacerbated by Vladimir Coufals suspension following his red card against Arsenal, while the struggling Michail Antonio could be rested.

**EDIT**: Antonio is out

[COYS](https://static.independent.co.uk/s3fs-public/thumbnails/image/2017/10/22/17/harry-kane.jpg?width=982&amp;height=726&amp;auto=webp&amp;quality=75)

[ ](https://www.reddit.com/r/coys/comments/l76l9h/match_thread_tottenham_vs_liverpool_premier_league/)",coys,99,https://www.reddit.com/r/coys/comments/rm1jg8/prematch_thread_spurs_vs_west_ham_carabao_cup_22/
2021-12-26T00:00:00Z,1640537562,Post Match Thread_ Tottenham v Crystal Palace 12_26_2021,Spurs 3 - 0 Palace,coys,497,https://www.reddit.com/r/coys/comments/rp0po2/post_match_thread_tottenham_v_crystal_palace/
2021-12-28T00:00:00Z,1640710520,_Post_Match Thread_ Southampton vs Spurs _28_12_21_,"1-1.

Fuck.",coys,703,https://www.reddit.com/r/coys/comments/rqk700/postmatch_thread_southampton_vs_spurs_281221/
2022-01-01T00:00:00Z,1641056377,Post Match Thread_ Watford vs_ Tottenham 01_01_2022,Watford 0 - 1 Spurs,coys,647,https://www.reddit.com/r/coys/comments/rtnbnz/post_match_thread_watford_vs_tottenham_01012022/
2022-01-05T00:00:00Z,1641418621,Post_Match Thread_ Chelsea vs_ Spurs _5 Jan 2022_,"**Chelsea 2-0 Tottenham**

Second leg to come next week.",coys,606,https://www.reddit.com/r/coys/comments/rwxggi/postmatch_thread_chelsea_vs_spurs_5_jan_2022/
2022-01-09T00:00:00Z,1641743431,Post_Match Thread_ Spurs vs_ Morecambe _9 Jan 2022_,"**Tottenham Hotspur 3-1 Morecambe FC**

Spurs advance to the FA Cup Fourth Round

**Goals**

O'Connor 33'

[Winks 74'](https://streamja.com/AKP4W)

[Moura 85'](https://streamja.com/JLbB3)

[Kane 88'](https://streamja.com/bJqre)",coys,625,https://www.reddit.com/r/coys/comments/rzuibr/postmatch_thread_spurs_vs_morecambe_9_jan_2022/
2022-01-12T00:00:00Z,1642023604,Post_Match Thread_ Spurs vs Chelsea _12 Jan 2022_,"**Tottenham Hotspur 0-1 Chelsea FC**

Chelsea advance to the League Cup final 3-0 on aggregate.",coys,636,https://www.reddit.com/r/coys/comments/s2hqly/postmatch_thread_spurs_vs_chelsea_12_jan_2022/
2022-01-12T00:00:00Z,1642014922,_Match Thread_ Tottenham Hotspur Vs_ Chelsea _EFL 12_01_22_,"# Tottenham Hotspur V Chelsea ____________________________________________________________________

# Match Info

**Competition:** EFL Cup 2021/2022

**Date:** 12th January, 2022

**Time:** 19:45 (GMT)

**Venue:** Tottenham Hotspur Stadium

\_\_\_\_\_\_\_\_\_\_\_\_\_\_\_\_\_\_\_\_\_\_\_\_\_\_\_\_\_\_\_\_\_\_\_\_\_\_\_\_\_\_\_\_\_\_\_\_\_\_\_\_\_\_\_\_\_\_\_\_\_\_\_\_\_\_\_\_\_\_\_\_\_\_\_\_\_\_\_\_\_\_\_\_\_\_\_\_\_\_\_\_\_\_\_\_\_\_\_\_\_\_\_\_\_\_\_\_

&amp;#x200B;

(Sorry for the match thread that got posted earlier, I scheduled the time wrong)",coys,4549,https://www.reddit.com/r/coys/comments/s2ecfs/match_thread_tottenham_hotspur_vs_chelsea_efl/
2022-01-19T00:00:00Z,1642627695,Post_Match Thread_ Leicester City vs_ Spurs _19 Jan 2022_,HOLY SHIT,coys,815,https://www.reddit.com/r/coys/comments/s8123d/postmatch_thread_leicester_city_vs_spurs_19_jan/
2022-01-23T00:00:00Z,1642962409,Post_Match Thread_ Chelsea vs_ Spurs _23 Jan 2022_,**Chelsea 2-0 Tottenham Hotspur**,coys,597,https://www.reddit.com/r/coys/comments/sb065t/postmatch_thread_chelsea_vs_spurs_23_jan_2022/
2022-02-05T00:00:00Z,1644097973,Post_Match Thread_ Spurs vs_ Brighton _5 Feb 2022_,"**Tottenham Hotspur 3-1 Brighton**

**Spurs advance to the fifth round of the FA Cup.**

**Goals**

[Kane 13'](https://streamja.com/q5VEy)

[March \(OG\) 24'](https://mixture.gg/v/61fedd081f1fe)

Bissouma 63'

[Kane 66'](https://mixture.gg/v/61feeaaa85541)",coys,570,https://www.reddit.com/r/coys/comments/slhscp/postmatch_thread_spurs_vs_brighton_5_feb_2022/
2022-02-09T00:00:00Z,1644442784,_Post_Match Thread_ Spurs 2 _ 3 Southampton _9th February 22_,welp,coys,1106,https://www.reddit.com/r/coys/comments/sooq3h/postmatch_thread_spurs_2_3_southampton_9th/
2022-02-13T00:00:00Z,1644767683,Post_Match Thread_ Spurs vs_ Wolves _13 Feb 2022_,**Tottenham Hotspur 0-2 Wolverhampton Wanderers**,coys,981,https://www.reddit.com/r/coys/comments/srlp4t/postmatch_thread_spurs_vs_wolves_13_feb_2022/
2022-02-19T00:00:00Z,1645298866,Post_Match Thread_ Manchester City vs_ Spurs _19 Feb 2022_,"**Manchester City 2-3 Tottenham Hotspur**

**Goals**

[Kulusevski 4'](https://streamgg.com/v/6211292fd6e34)

Gundogan 33' 

[Kane 59'](https://streamgg.com/v/621137e9d1fc4)

Mahrez 90+2' (pen)

[Kane 90+5'](https://streamgg.com/v/62114316085c2)",coys,910,https://www.reddit.com/r/coys/comments/swht4u/postmatch_thread_manchester_city_vs_spurs_19_feb/
2022-02-23T00:00:00Z,1645651533,Post_match Thread_ Burnley 1 _ 0 Tottenham Hotspur_,Mee 71',coys,1039,https://www.reddit.com/r/coys/comments/szsglx/postmatch_thread_burnley_1_0_tottenham_hotspur/
2022-02-26T00:00:00Z,1645885237,Post_Match Thread_ Leeds United vs_ Spurs _26 Feb 2022_,"**Leeds United 0-4 Tottenham Hotspur**

**Goals**

[Doherty 10'](https://streamgg.com/v/7cbpxk6p)

[Kulusevski 15'](https://streamgg.com/v/h3njdrj5)

[Kane 27'](https://streamgg.com/v/839rt6bc)

[Son 85'](https://streamgg.com/v/0z8qbvbv)",coys,352,https://www.reddit.com/r/coys/comments/t1y5pr/postmatch_thread_leeds_united_vs_spurs_26_feb_2022/
2022-03-01T00:00:00Z,1646173565,_Post_Match Thread_ FA Cup_ Middlesborough _1_ _ 0 Tottenham Hotspur,107'  (ET) Josh Coburn,coys,1182,https://www.reddit.com/r/coys/comments/t4k6ht/postmatch_thread_fa_cup_middlesborough_1_0/
2022-03-07T00:00:00Z,1646689953,Post_Match Thread_ Spurs vs_ Everton _7 Mar 2022_,"**Tottenham Hotspur 5-0 Everton**

**Goals**

[Keane \(OG\) 14'](https://streamgg.com/v/y5gh3nw3)

[Son 17'](https://streamgg.com/v/6b7gdbjn)

[Kane 37'](https://streamgg.com/v/5sm63m8p)

[Reguilon 46'](https://streamgg.com/v/0n80zw2n)

[Kane 55'](https://streamwo.com/v/wpc2wt2h)",coys,461,https://www.reddit.com/r/coys/comments/t90jtp/postmatch_thread_spurs_vs_everton_7_mar_2022/
2022-03-12T00:00:00Z,1647113006,Post_Match Thread_ Manchester United vs_ Spurs _12 Mar 2022_,**Manchester United 3-2 Tottenham Hotspur**,coys,942,https://www.reddit.com/r/coys/comments/tcoqrv/postmatch_thread_manchester_united_vs_spurs_12/
2022-03-16T00:00:00Z,1647465778,Post_Match Thread_ Brighton vs_ Spurs _16 Mar 2022_,"**Brighton and Hove Albion 0-2 Tottenham Hotspur**

**Goals**

[Romero 37'](https://streamgg.com/v/77v9sna4)

[Kane 57'](https://streamja.com/Ey2Zn)",coys,304,https://www.reddit.com/r/coys/comments/tftj5e/postmatch_thread_brighton_vs_spurs_16_mar_2022/
2022-03-20T00:00:00Z,1647800717,Post_Match Thread_ Spurs vs_ West Ham _20 Mar 2022_,"**Tottenham Hotspur 3-1 West Ham United**

**Goals**

[Zouma \(OG\) 9'](https://streamgg.com/v/a5jkj97b)

[Son 24'](https://streamgg.com/v/qb17pbwf)

Benrahma 35'

[Son 88'](https://streamgg.com/v/kn5ftp9g)",coys,535,https://www.reddit.com/r/coys/comments/tirdx4/postmatch_thread_spurs_vs_west_ham_20_mar_2022/
2022-04-03T00:00:00Z,1649006622,Post_Match Thread_ Spurs vs_ Newcastle _3 April 2022_,"**Tottenham Hotspur 5-1 Newcastle United**

**Goals**

Schar 39'

[Davies 43'](https://streamwo.com/v/vjh9xs0r)

[Doherty 48'](https://streamwo.com/v/zs15pgh9)

[Son 54'](https://streamwo.com/v/v1xba64g)

[Emerson 63'](https://streamwo.com/v/4br99ka0)

[Bergwijn 83'](https://streamwo.com/v/1x2q7xqa)",coys,540,https://www.reddit.com/r/coys/comments/tvei1a/postmatch_thread_spurs_vs_newcastle_3_april_2022/
2022-04-09T00:00:00Z,1649528914,Post match thread Tottenham 4_0 Aston Villa,"Good game(didn't see any post match thread so I made one)

Goals:

[Son 3'](https://v.redd.it/fmtyjdnb6js81)

[Kulusevski 50'](https://v.redd.it/cxx86nxbijs81)

[Son 66'](https://v.redd.it/2yxib3j7ljs81)

[Son 72'](https://v.redd.it/hivp0e34mjs81)",coys,560,https://www.reddit.com/r/coys/comments/tzz6ud/post_match_thread_tottenham_40_aston_villa/
2022-04-16T00:00:00Z,1650115517,Post_Match Thread_ Spurs vs_ Brighton _16 April 2022_,"**Tottenham Hotspur 0-1 Brighton**

**Goals**

Trossard 90'",coys,800,https://www.reddit.com/r/coys/comments/u4xrf6/postmatch_thread_spurs_vs_brighton_16_april_2022/
2022-04-23T00:00:00Z,1650738042,Post_Match Thread_ Brentford vs_ Spurs _23 April 2022_,**Brentford 0-0 Tottenham Hotspur**,coys,796,https://www.reddit.com/r/coys/comments/uabhuz/postmatch_thread_brentford_vs_spurs_23_april_2022/
2022-05-01T00:00:00Z,1651416648,Post_Match Thread_ Spurs vs_ Leicester City _1 May 2022_,"**Tottenham Hotspur 3-1 Leicester City**

**Goals**

[Kane 22'](https://v.fodder.gg/v/jf1jad)

[Son 60'](https://v.fodder.gg/v/cs3sd0)

[Son 79'](https://v.fodder.gg/v/bmzyk1)

Iheanacho 90+1'",coys,320,https://www.reddit.com/r/coys/comments/ug1hoh/postmatch_thread_spurs_vs_leicester_city_1_may/
2022-05-07T00:00:00Z,1651956044,Post_Match Thread_ Liverpool vs_ Spurs _7 May 2022_,**Liverpool 1-1 Tottenham**,coys,774,https://www.reddit.com/r/coys/comments/uklwdw/postmatch_thread_liverpool_vs_spurs_7_may_2022/
2022-05-12T00:00:00Z,1652387719,Post_Match Thread_ Spurs vs_ Arsenal _12 May 2022_,"**Tottenham Hotspur 3-0 Arsenal**

**Goals**

[Kane 22 \(pen\)](https://v.fodder.gg/v/yvawd2)

[Kane 37](https://v.fodder.gg/v/wr58jz)

[Son 47](https://v.fodder.gg/v/nh74z3)

**Other**

[Holding red 33](https://www.reddit.com/r/coys/comments/uo9i5y/slowmo_of_holding_elbow/)",coys,582,https://www.reddit.com/r/coys/comments/uoafin/postmatch_thread_spurs_vs_arsenal_12_may_2022/
2022-05-15T00:00:00Z,1652619583,Post_Match Thread_ Spurs vs_ Burnley _15 May 2022_,**Tottenham Hotspur 1-0 Burnley**,coys,521,https://www.reddit.com/r/coys/comments/uq5ljy/postmatch_thread_spurs_vs_burnley_15_may_2022/
2022-05-22T00:00:00Z,1653238123,Post_Match Thread_ Norwich City vs_ Spurs _22 May 2022_,"**Norwich City 0-5 Tottenham Hotspur**

Spurs have qualified for the 2022-2023 UEFA Champions League!!!

**Goals**

[Kulusevski 16'](https://www.clippituser.tv/c/qnkznv)

[Kane 32'](https://www.clippituser.tv/c/pkdzkw)

[Kulusevski 64'](https://www.clippituser.tv/c/knqwln)

[Son 70'](https://www.clippituser.tv/c/dknzll)

[Son 75'](https://www.clippituser.tv/c/blyrqd)",coys,421,https://www.reddit.com/r/coys/comments/uveuy1/postmatch_thread_norwich_city_vs_spurs_22_may_2022/
